filename,itemID,taskID,text
20,1,1,"メルカリで購入したものを完読したので出品いたします。三國志好きには読みごたえのある作品ですのでぜひ読んでいただきたいです。汚れも少なく良品です。
"
20,1,2,"メルカリで購入後完読したため出品いたします。三國志好きには読みごたえの抜群の作品です。ぜひご覧ください。使用感は少なくとても良い状態です。
"
20,1,4,"吉川英治の名作『三国志』全8巻セットを出品いたします。このセットは、中国古代の英雄たちとその壮大な物語を描いた歴史小説の決定版であり、多くの読者に愛され続けています。吉川英治は、精緻な描写と深い人間理解をもって、三国時代の複雑な政治と戦争を見事に再現しています。それぞれの登場人物の魅力的な描写と、緻密なストーリーテリングで、歴史の偉大なドラマに引き込まれることでしょう。

全8巻揃っているため、一気に読み進めることができます。書棚に並べておくだけでも、大変見栄えが良く、読書好きの方へのギフトにも最適です。長年に渡って語り継がれてきた物語を、この機会にぜひ手に取ってみてください。状態は良好で、特に目立ったダメージは見受けられません。歴史小説や中国史に興味のある方には、必読の書となることでしょう。興味のある方は、この機会にぜひお求めください。"
20,2,1,"数年前に販売され、現在生産していないシリーズが多い多方面で話題になったフランク三浦。

そのフランク三浦の中でもヤクルトスワローズのマスコットキャラクターつば九郎とのコラボモデルです。

つば九郎の人気にあやかったフランク三浦の限定品はつば九郎ファン、フランク三浦コレクターは是非とも手に入れたいレアアイテムです。状態は良く、ガラス面のシールもはがしておりません。

ぜひこの機会に２度と手に入らないかもしれない一品をご検討ください！"
20,2,2,"数年前に販売され、現在は生産されていない多方面で話題になったフランク三浦です。


その中でも特に希少な、ヤクルトスワローズのマスコットキャラクター「つば九郎」とのコラボモデルです。

つば九郎ファンやフランク三浦コレクターにはたまらない、限定のレアアイテムです！

状態は非常に良く、ガラス面のシールもそのままです。

この機会に２度と手に入らないかもしれない一品を是非ご検討ください！"
20,2,4,"こちらは、フランク三浦のつば九郎モデル腕時計です。シンプルでありながら洗練されたデザインが特徴で、つば九郎ファンにはたまらない一品となっています。文字盤にはつば九郎のユニークなイラストがあしらわれており、遊び心も兼ね備えたデザインが魅力です。また、シルバーのケースと調和したブラックのベルトが、普段使いにもビジネスシーンにもぴったりの一本です。

この腕時計は軽量で装着感も良く、長時間の着用でも疲れを感じにくい作りになっています。サイズは一般的な男性用腕時計サイズで、腕回りにフィットしやすいのもポイントです。時計としての機能性も高く、日常生活に必要な防水加工も施されています。一度は是非手に取ってみてください。

つば九郎のファン、そしてフランク三浦のファンの方々にとってコレクションアイテムとしても価値のある時計です。大切な方へのプレゼントとしても喜ばれることでしょう。出品は限られた数量のみとなっていますので、お早めにご検討ください。お買い逃しのないよう、この機会に是非どうぞ。"
16,1,1,"今は日本市場から撤退したフランスの香水メーカー「ラルチザンパフューム」の名作「シャッセオパピオン」、長く香る「エクストリーム」です。
未だにファンが多くいるこちらの香りですが、なかなか上手に使えないため、今回出品いたします。
ラルチザンがお好きな方、大切にお迎えして頂ける方にお譲りできたらと思います。
表参道で3年前に購入、冷暗所に保存していました。
箱あります。
参考価格（購入時価格）：￥19,800"
16,1,2,"今は日本市場から撤退してしまい、もう日本では手に入らないフランスの香水メーカー「ラルチザンパフューム」の名作「シャッセオパピオン」、長く香る「エクストリーム」です。
多くのファンに愛され続けているこの香り、なかなか上手に使いこなせないため、今回出品いたします。
ラルチザンがお好きな方、大切にお迎えして頂ける方にお譲りできたらと思います。
表参道のアニヴェルセルで購入後、冷暗所で丁寧に保管していました。購入は約3年前です。
参考価格（購入時価格）：￥19,800"
16,1,4,"商品説明文：

ラルチザンパフューム シャッセオパヒヨンは、フレグランス愛好家の間で高い評価を受けている香水です。この美しい香りは、フランスの伝統と革新が融合したアートそのもの。一瞬で心をつかむ上品な香りが、日常を特別なものに変えてくれます。

シャッセオパヒヨン（追いかける蝶）という名前の通り、この香水は軽やかでありながらも深みのある香りが広がります。トップノートはベルガモットとネロリが爽やかに香り、ミドルノートではミモザとチュベローズが柔らかさを引き立てます。ラストにはサンダルウッドとバニラが、温かみと持続力を加えてくれます。

こちらの商品は、一度使用しましたが残量はほぼ完全にあります。付属のパッケージも綺麗な状態ですので、プレゼントにも最適です。上質な香りをお探しの方や、大切な人への特別な贈り物として、ぜひご検討ください。質問などございましたらお気軽にお問い合わせください。"
16,2,1,"シンプルなホワイトの文字盤とゴールドのコントラストが美しい、北欧スカーゲンの腕時計です。
3年前に購入しましたが、身につける機会が少ないためにきれいなうちにお譲りしたいと思い、出品いたしました。
箱有り、ペットなし、禁煙者なしです

購入価格：￥19,800
購入場所：公式オンラインショップ

特に傷等ございませんが、ユーズドであることをご理解いただける方のみご購入をお願いいたします。"
16,2,2,"シンプルなホワイトの文字盤とゴールドのコントラストが際立つ、北欧ブランドスカーゲンの腕時計です。
3年前に購入しましたが、身につける機会が少ないためにきれいなうちにお譲りしたいと思い、出品いたしました。
箱あり、ペット及び喫煙者のいない環境で保管しています。

購入価格：￥19,800
購入場所：公式オンラインショップ

特に傷等ございませんが、ユーズドであることをご理解いただける方のみご購入をお願いいたします。"
16,2,4,こちらはデンマークのブランド、スカーゲンからの腕時計です。シンプルで洗練されたデザインが特徴で、さりげなく上品な印象を与えます。このモデルは薄型のケースと、ミニマルな文字盤が組み合わさり、日常のスタイルに溶け込みやすい一品です。ベルトはステンレスのメッシュバンドで、肌に優しくフィットします。ビジネスシーンやカジュアルスタイルにも合わせやすいため、どのような場面でも活躍します。また、スカーゲンの腕時計は耐久性にも優れており、長く愛用することができます。クオーツムーブメントで時間の正確さも保証されています。新品同様の状態で、傷や汚れもほとんどありません。この機会に、ぜひ手に入れていただきたい一本です。ご質問などございましたら、お気軽にお問い合わせください。
6,1,1,"サイズ：フリーサイズ
色：白
素材：100% リネン
定価：12,100円

5回着用で、使用感はありますが、比較的綺麗な状態です。
オーバーサイズで、生地が柔らかく薄いのでサラッと着られるものです。
商品自体は気に入っていましたが、他のデニムジャケットを購入したので出品いたします。"
6,1,2,"サイズ：フリーサイズ（適応範囲：42-50 cm）
色：白
素材：100% リネン
定価：12,100円

5回着用していますが、目立つ汚れやダメージはなく、比較的綺麗な状態です。
オーバーサイズで、生地が柔らかく薄いのでサラッと着られるものです。
個人的にデザインがとても気に入っていましたが、新しいデニムジャケットを購入したため出品いたします。"
6,1,4,こちらのミラオーウェンのデニムジャケットは、シンプル且つエレガントなデザインが特長です。高品質なデニム素材を使用し、季節を問わず様々なスタイルに合わせやすい一品となっています。特にその上品なネイビーカラーは、カジュアルなスタイリングから、きれいめコーディネートまで幅広く対応可能です。シルエットは程よくフィットし、着心地も抜群です。着用回数は少なく、目立った汚れやダメージも見受けられません。ジャケットの裏地やボタンのデザインにもこだわりが感じられ、細部にまで妥協のない作りが特徴です。このデニムジャケットは、ワードローブに加えることで、お手持ちのファッションアイテムとのコーディネートの幅が一層広がります。ぜひこの機会に素敵な一着を手に入れてみてください。気になる点がありましたら、お気軽にお問い合わせください。
6,2,1,"色：白
定価：14,300円
数回着用しましたが、綺麗な状態です。
自宅保管でシワがある点ご了承ください。

素材：レーヨン72% ポリエステル：28%

透け感があり、大人っぽく着こなせる商品だと思います。
あまりそのような格好をしなくなったので出品します。
"
6,2,2,"色：白
定価：14,300円
数回着用しましたが、綺麗な状態です。
自宅保管でシワがある点ご了承ください。

素材：レーヨン72% ポリエステル：28%

透け感があり、上品で大人っぽいスタイルで着こなせる商品だと思います。
ファッションの好みが変わったため、今回出品いたします。
"
6,2,4,"ご覧いただきありがとうございます。こちらの商品はアーバンリサーチのトップスです。シンプルながらも洗練されたデザインで、様々なスタイルに合わせやすい一枚です。落ち着いたカラーと上質な素材感が特徴で、カジュアルなシーンからオフィスカジュアルまで幅広く活用いただけます。

生地は柔らかく肌触りが良いため、長時間着用しても快適です。また、シルエットが美しく、どなたでもスタイリッシュに着こなせるデザインとなっております。季節を問わず使えるので、ワードローブの定番としておすすめです。

商品の状態は非常に良好で、大きな傷や汚れは見当たりませんが、あくまで中古品であることをご理解の上ご購入ください。サイズや素材の詳細については、写真をご確認いただき、ご不明点がございましたらお気軽にお問い合わせください。

この機会に是非、アーバンリサーチの上質なトップスをお試しください。一度着ると手放せなくなること間違いなしです。皆様からのご購入を心よりお待ちしております。"
7,1,1,"かなり昔に、北海道のノーザンファームで購入したチョロQです。かなり貴重なものかと思います。
何十年と遊んでいましたが、不要になった為出品します。
外観にほぼ使用感はありませんが、箱などの付属品はありません。
よろしくお願いします。"
7,1,2,"かなり昔に、北海道のノーザンファームで購入したチョロQです。かなり貴重なものかと思います。
大切にしていたため、状態が良いです。不要になった為出品します。
外観にほぼ使用感はなく、美品です。ただし、箱や付属品は欠品しています。
ご検討よろしくお願いします。"
7,1,4,"ご覧いただきありがとうございます。こちらは、ノーザンファーム限定のチョロQです。ノーザンファームは日本の競馬界でも名高い牧場であり、限定品ということで希少価値が高い商品です。お子様の遊び道具としてはもちろん、大人のコレクターアイテムとしても魅力的です。

本商品は、デザインやカラーリングにもこだわりが感じられ、実車の雰囲気を見事に再現しています。見た目だけでなく、動きもスムーズで、遊んでいただく際の楽しさも抜群です。また、箱やパッケージも綺麗な状態で保管されていますので、贈り物としても最適です。

商品の状態はとても良好ですが、あくまで中古品である点をご理解ください。写真で確認いただけるように、全ての面でしっかりと状態を撮影しております。気になる点がございましたら、お気軽にお問い合わせください。どうぞよろしくお願いいたします。"
7,2,1,"学習院大学理学部2021年版の赤本です。
書き込み等はありませんが、表紙などに若干の使用感があります。
参考書として使っていただく分には問題ないかと思います。
ご検討のほどよろしくお願いします。"
7,2,2,"学習院大学理学部2021年版の赤本です。
書き込みやマーカーは一切なく、良好な状態ですが、表紙に少し使用感があります。
受験勉強や学習の参考書として十分にご利用いただけます。
ぜひご検討ください。ご質問などありましたらお気軽にどうぞ。"
7,2,4,"学習院大学理学部2021年度の赤本を出品いたします。本書は過去の入試問題を豊富に収録しており、受験対策に非常に役立つ一冊です。学習院大学理学部を目指す受験生にとって貴重な資料となることでしょう。

この赤本には、詳しい解説や出題傾向の分析が掲載されており、問題を解く上でのポイントや注意点を理解するのに最適です。内容は綺麗な状態であり、書き込みや汚れもございませんので、安心してご利用いただけます。

実際の試験形式や出題内容に触れることで、本番の試験に向けて自信をつけることができます。また、過去問を解くことで、自分の弱点を把握し、効果的な学習計画を立てる手助けとなります。

この機会に、ぜひ学習院大学理学部2021年度の赤本を手に入れて、受験対策を一層充実させてください。ご不明点がございましたら、お気軽にお問い合わせください。"
17,1,1,"スマートフォンと連携することで様々な便利な機能が利用できるようになるスマートウォッチです。
簡単な初期設定でスマートフォンと接続でき、すぐに使い始めることができます。

◯主な機能
・スマホからの通知を受け取れる
　連絡を見落とすことがなくなります。
・防水機能
　5ATMの防水で海やプールの中でも外す必要はありません。
・150種類以上のスポーツのトラッキング
　普段の運動の全てを記録することができます。
・1時間の充電で最大16日間動き続けます。"
17,1,2,"スマートフォンと連携することで、多彩な便利な機能が利用できるようになるスマートウォッチです。
シンプルな初期設定でスマートフォンと接続でき、すぐに使い始めることができます。

◯主な機能
・スマホからの通知を受け取れる
　重要な連絡を見落とすことがなくなります。
・防水機能
　5ATMの防水で海やプールの中でも外す必要はありません。
・150種類以上のスポーツのトラッキング
　日常の運動の全てを記録することができます。
・1時間の充電で最大16日間動き続けます。"
17,1,4,この度はご覧いただきありがとうございます。こちらの商品はXiaomi SmartBand 8です。最新モデルとして、多機能と高いコストパフォーマンスで定評があります。主な機能として、日常の健康管理をサポートする心拍数モニタ、睡眠追跡、ストレスモニタリングに加え、歩数計やカロリー計算、運動モードの自動検出などが搭載されています。また、防水性能も優れており、日常の使用はもちろん、スポーツやアウトドア活動にも安心して使えます。デザインもスタイリッシュであり、シンプルなグラフ表示が見やすく、使いやすさが際立っています。バッテリー寿命も長く、一度の充電で約2週間使用可能です。スポーティな生活をサポートしながら、健康維持を意識している方には最適のアイテムです。ぜひこの機会にお求めくださいませ。
17,2,1,"ポケモンカードゲーム第一弾（旧裏面）に封入されていたキラカードのリザードンlv.76です。
ふちの汚れや折れ目のあるあまり状態の良くない商品であることをご理解の上でご購入下さい。
商品写真の状態をよくご確認ください。"
17,2,2,"ポケモンカードゲーム第一弾（旧裏面）に封入されていたキラカードの「リザードンlv.76」です。
ふちの汚れや折れ目のあるあまり状態の良くない商品であることをご理解の上でご購入下さい。
商品写真を掲載していますので、状態をよくご確認いただければ幸いです。"
17,2,4,"ご覧いただきありがとうございます。ポケモンカード 初弾 リザードン lv.76を出品いたします。

こちらのカードは、ポケモンファンなら誰もが知るリザードンの初代カードで、当時のコレクターアイテムとして今でも高い人気を誇ります。状態は全体的に良好で、コーナーやエッジにわずかな擦れがあるものの、保存状態は非常に良好です。カードの表面には光沢があり、色褪せなども見受けられません。一部微細な傷がある場合がございますが、カード自体の価値を損なうものではありません。

神経質な方はご遠慮いただきたいと思いますが、その状態を理解した上でご検討いただければ幸いです。この機会に、コレクションの一つとして初代リザードンを手に入れてみてはいかがでしょうか？質問等ありましたらお気軽にご連絡ください。スムーズなお取引を心掛けております。どうぞよろしくお願いいたします。"
21,1,1,"ご覧いただきありがとうございます。
送料無料で即購入いただいて大丈夫です。

⚪️サイズ
タグ表記：Free
ツバの長さ：7cm
前たての高さ：8cm

⚪️状態
何回か着用しましたが、目立った汚れや、ほつれ等はございません。中古品ということをご理解いただいた上でご購入をお願いします。

⚪️その他、注意事項
自宅にて半年ほど保管していました。ペットを飼っていたり、喫煙者ではありません。細かいデザインなどは写真にてご確認ください。"
21,1,2,"ご覧いただきありがとうございます。
送料無料で即購入可能です。

⚪️サイズ
タグ表記：Free
ツバの長さ：7cm
前たての高さ：8cm

⚪️状態
複数回着用していますが、目立つ汚れやほつれはありません。中古品であることをご理解の上、ご購入をお願いいたします。

⚪️その他、注意事項
自宅にて半年ほど保管していました。ペットを飼っていたり、喫煙者ではありません。細かいデザインなどは写真にてご確認ください。"
21,1,4,ご覧いただきありがとうございます。こちらはColumbiaのキャップです。シンプルでありながら洗練されたデザインが特徴で、カジュアルなコーディネートにぴったりな一品です。アウトドアブランドとして名高いColumbiaならではの機能性と品質を兼ね備えており、日常使いにも、アウトドアシーンにも対応します。素材は丈夫で軽量なため、長時間の着用でも快適さを保てます。色合いも落ち着いており、どのスタイルにも自然に馴染みます。例えば散歩やハイキング、買い物など、様々なシーンで活躍すること間違いなしです。状態も良好で、目立った傷や汚れはありません。ファッションと機能性を両立したColumbiaのキャップ、この機会にぜひご検討ください。
21,2,1,"ご覧いただいきありがとうございます。
送料無料で即購入いただいて大丈夫です。

⚪️サイズ
サイズ:約幅13cm×奥行き9cm×高さ8.5cm
重量:約330g

⚪️状態
開封して1度使用しましたが、それ以降は使用せず、自宅で半年ほど置いていました。汚れ等もなくほとんど新品に近い状態です。

⚪️その他
飲み物を飲むためのコップとしても使用いただけますが、インテリア雑貨としてもご活用ただけます。"
21,2,2,"ご覧いただきありがとうございます。
送料無料で即購入可能です。

⚪️サイズ
サイズ:約幅13cm×奥行き9cm×高さ8.5cm
重量:約330g

⚪️状態
開封して一度使用したのみで、自宅保管(半年ほど)していました。汚れ等はなく、ほぼ新品同様の状態です。

⚪️その他
飲み物を飲むためのコップとしてだけでなく、インテリア雑貨としてもお使いいただけます。"
21,2,4,この度は商品をご覧いただき、誠にありがとうございます。こちらは「ワイルドマグカップ」です。シンプルかつ洗練されたデザインで、どんなシーンにもぴったりの一品です。口当たりがよく、ハンドルの持ちやすさも抜群。毎日のコーヒータイムを豊かにしてくれることでしょう。特にアウトドアがお好きな方には、キャンプやピクニックでのご使用にも最適です。丈夫で耐久性があり、長く愛用いただけます。状態は非常に良好で、ほぼ未使用の美品です。アイテムの材質やサイズ、具体的な使用感などについてご不明な点がございましたら、どうぞお気軽にお問い合わせください。この機会にぜひ、ワイルドマグカップをお試しください。きっと満足いただける逸品です。よろしくお願いいたします。
10,1,1,"Inglesinaの子ども用のお出かけイスになります。
約４年前に購入をしました。
数年使いましたので、多少汚れがありますが、使用には問題ございません。
中古品ですのでご理解ください。"
10,1,2,"Inglesinaの子ども用携帯お出かけイスです。
約４年前に購入をしました。
数年間の使用により、多少汚れがありますが、使用には問題ございません。
中古品であることをご理解の上、ご購入をお願いします。"
10,1,4,こちらは、お子様のために設計された心地よい子ども用の椅子です。耐久性に優れた素材と、落ち着いたデザインが特徴です。高さが調整可能で、お子様の成長に合わせて長くご使用いただけます。また、座面と背もたれにはクッションが施されており、快適な座り心地を提供します。軽量で持ち運びも容易なので、リビングや子ども部屋、ダイニングなど様々な場所で活用いただけます。お絵かきやお勉強、食事のシーンで大活躍間違いなしの一品です。組み立ても簡単で、すぐにお使いいただけます。使用に伴う若干のキズはありますが、全体的に状態は良好です。お子様のための快適なスペース作りに、ぜひご検討ください。この素敵な子ども用椅子が、ご家庭の新たな一員として楽しんでいただけることを願っています。
10,2,1,"ギターのエフェクターになります。
LINE６のECHO PARKで20年前に購入しました。
動作確認済みで問題なく使用が可能です。
サイト等で説明書はご確認ください。
中古品である事をご理解のうえご購入ください。"
10,2,2,"こちらはギター用のエフェクターです。
LINE6 ECHO PARKを20年前に購入しました。
動作確認済みで現在も問題なく使用できます。
取扱説明書はLINE6の公式サイト等でご確認いただけます。
中古品である事をご理解のうえご購入ください。"
10,2,4,"ご覧いただきありがとうございます。この度出品いたしますのは、エレクトリックギターやベースギターの音色を多彩に変化させるエフェクターです。この商品は、ギタリストやベーシストの演奏に一層の深みと個性を加えることができる優れた機材です。使用頻度はそれほど高くなく、保管状態も良いため、非常に良好なコンディションを保っています。

多機能でありながら操作は直感的で、初心者から上級者まで幅広くお使いいただけます。ライブパフォーマンスや録音環境においても、その力を発揮し、多彩なサウンドメイクを楽しむことが可能です。音作りにこだわる方には是非お試しいただきたい一品です。

付属品として接続ケーブルと説明書もお付けいたしますので、すぐにご使用いただけます。また、丁寧に梱包して発送いたしますので、ご安心ください。興味のある方はぜひこの機会にご検討ください。どうぞよろしくお願いいたします。"
1,1,1,"古い西洋陶器と言えばマイセンが有名ですが、ヘキストはマイセンの次に古い名窯で、大変由緒正しいお品です。縦17ｃｍ、横13センチ、高さ3センチほどの片手に載る可愛らしいリーフ型の小皿です。

新品ではありませんが、10年程飾っていましたので、傷等はございません。
詳細は、写真をご確認ください。また裏にヘキストの刻印と、シリアルナンバーも入っておりますので、ご確認ください。（写真②）
破損がないように、丁寧に梱包して送付いたします。

名品を、日常遣いしたい方に気軽にお使いいただければと、破格のお求め易い価格にしましたので、よろしくお願いします。"
1,1,2,"西洋古陶器と言えばマイセンが有名ですが、ヘキストはマイセンの次に古い名窯で、大変由緒正しいお品です。
縦17ｃｍ、横13センチ、高さ3センチほどの片手に載る可愛らしいリーフ型の小皿です。

10年間飾っていましたが、目立った傷や汚れはありません。
詳細は写真をご参考にしてください。裏面にはヘキストの刻印とシリアルナンバーがありますので、写真②で確認いただけます。
破損がないように、丁寧に梱包して送付いたします。

名品を、日常遣いしたい方に気軽にお使いいただければと、非常にお求め易い価格に設定しました。よろしくお願いします。"
1,1,4,"こちらの商品は、名窯ヘキストのリーフ型花柄プレートです。ドイツの伝統的な磁器メーカーであるヘキストは、1746年から続く歴史と技術を誇り、その美しいデザインと高品質で知られています。このプレートも例外ではなく、繊細で上品な花柄が特徴的です。リーフ型の独特な形状が、食卓を一層華やかに彩ります。

サイズは適度で、デザート皿や取り皿として使いやすい大きさです。おもてなしの際や特別な日の食卓において、その存在感を発揮することでしょう。また、インテリアとして飾っても部屋の雰囲気を高めます。

状態は非常に良好で、使用感はほとんどありません。傷や欠けもなく、光を反射する美しい艶があります。大切に保管されてきたため、新品同様の美しさを保っています。

この機会に上質なヘキストのプレートを手に入れて、ご自身のコレクションや贈り物にいかがでしょうか。ご購入を心よりお待ちしております。"
1,2,1,"2023年度に入会していたファンクラブで、頂いたNOANA限定のイヤーブックです！
市場では販売されていませんし、配布数も限られています。
開封しましたが、もったいなくて（笑）そっとしか見ていませんので、折り目は全くついていません。

NOAのプライベートやライブの写真、インタビューも載っており、NOANA垂涎の一品です！
110ページの厚さでボリュームたっぷりNOAが楽しめます！"
1,2,2,"2023年度に入会していたファンクラブで、頂いたNOANA限定のイヤーブックです！
市場では販売されていませんし、配布数も限られています。
開封済みですが、もったいなくて（笑）そっとしか見ていませんので、折り目は全くついていません。

NOAのプライベートやライブの写真、インタビューが豊富に収録されており、NOANAファン必見の一冊です！

110ページの厚さでボリュームたっぷりNOAが楽しめます！"
1,2,4,"NOANAファンクラブの皆様に朗報です。こちらは、2023-2024 NOANAファンクラブ限定イヤーブックです。会員の皆様だけが手に入れることができる、貴重なアイテムとなっております。

イヤーブックの内容は、年間を通じた活動の振り返りや、特別な写真、メンバーのインタビュー記事などで構成されています。これ一冊でNOANAの魅力を余すことなく感じることができる逸品です。また、限定アイテムならではの高品質な紙と印刷が施されており、コレクターズアイテムとしても価値があります。

状態は新品同様で、保管状況にも細心の注意を払っております。ファンとして、あの感動をもう一度味わいたい方や、コレクションとしてお手元に置いておきたい方に特にお勧めします。

お見逃しのないよう、ぜひこの機会にご購入をご検討ください。迅速な発送を心がけておりますので、安心してお取引いただけます。"
11,1,1,"カシオ腕時計（silver）
2024年7月に購入しました。
ほぼ未使用。目立った傷等、ありません。


外箱、保証書有り。フェイス面の保護シール無し。"
11,1,2,"カシオ腕時計（シルバー）
2024年7月に購入したばかりです。
ほぼ未使用の為、目立った傷はありません。


外箱と保証書は付属していますが、フェイス面の保護シールはありません。"
11,1,4,ご覧いただきありがとうございます。紹介する商品は、CASIOのクラシックな腕時計です。シンプルかつエレガントなデザインで、カジュアルからビジネスまで幅広いシーンに対応します。信頼のCASIOブランドならではの高い品質と信頼性により、長くご愛用いただける一品です。文字盤は視認性が高く、日常の使用においても非常に便利です。また、耐久性にも優れており、日常の様々なシーンで活躍すること間違いありません。ベルトは快適なフィット感を提供し、長時間の装着でもストレスフリーです。新品未使用のため、プレゼントにも最適です。この機会に是非、手に取ってご確認ください。疑問点やご不明な点がございましたら、お気軽にお問い合わせください。丁寧に対応させていただきます。ご検討よろしくお願いいたします。
11,2,1,"ご覧いただきありがとうございます。

この商品はtheater productsのショルダーバックです。
本体の色はカーキ、持ち手はネイビーでナイロン製の軽いバッグです。
現在、theater products製品は全製品生産終了おり、手に入りにくくなっている為、人気の商品となっております。

内面にはスマホ収納にぴったりのサイズの内ポケットがあり、タブレットやノートパソコンも収まるサイズになっています。

ナイロン生地の為、軽く、長時間使用しても快適です。

軽い汚れ等であれば、軽く水拭きすることで綺麗に落ちることも魅力の一つです。

質問等ございましたら、お気軽にお尋ね下さい。



"
11,2,2,"この商品のページをご覧いただきありがとうございます。

この商品はtheater productsのショルダーバックです。
本体の色はカーキ、持ち手はネイビーでナイロン製の軽いバッグです。
現在、theater products製品は全製品生産終了おり、希少価値が高まっている為、特に人気の商品となっております。

内側にはスマートフォン収納に最適なサイズの内ポケットがあり、タブレットやノートパソコンも収納可能なサイズとなっています。

ナイロン製の為軽量で、長時間使用しても快適です。

軽い汚れ等であれば、軽く水拭きすることで綺麗に落ちることも魅力の一つです。

質問等ございましたら、お気軽にお尋ね下さい。



"
11,2,4,"【商品名】theater products バッグ

【商品説明】
ご覧いただきありがとうございます。こちらはtheater productsのバッグです。シンプルかつ洗練されたデザインが特徴で、どんなスタイルにもマッチします。日常使いや特別なシーンで活躍すること間違いなしの商品です。

【商品の状態】
購入後、数回使用しましたが、大切に使っていたため、目立った傷や汚れはございません。ファスナーの開閉もスムーズで、内部のポケットも使いやすいです。

【商品の特徴】
- サイズ: 〇〇㎝ x 〇〇㎝ x 〇〇㎝
- カラー: ベージュ
- 素材: 高品質なレザー素材
- 収納ポケット: 内部に小物入れポケットが2つ
- デザイン: シンプルで使い勝手の良いデザイン

【特記事項】
非喫煙者の家庭で使用しており、ペットも飼っておりませんので、嫌な匂いや毛など一切ありません。

高品質なtheater productsのバッグをお探しの方にぜひおすすめです。この機会にぜひ手に取ってみてください。ご検討、どうぞよろしくお願いいたします。"
2,1,1,"15年ほど前にフェリシモで購入したブーツです。
サイズは22.5センチです。
紐は購入当時のままです。
かかと部分を三回ほど補修しました。
長く履いていたため細かい傷はありますが、大きな捲れなどはないです。
革は基本的に柔らかいです。
（透明クリームで手入れをしていました。）

最近履く機会がないので出品致します。"
2,1,2,"フェリシモで15年前に購入したお気に入りのブーツです。
サイズは22.5センチです。小柄な人向けだと思います。
紐は購入当時のままです。
かかと部分を三回ほど補修しました。
（最後は五年位前に直しました）

長く履いていたため使用による細かい傷がありますが、美観を損ねる大きな捲れはありません。
革は基本的に柔らかいです。
（透明クリームで手入れをしていました。）

最近履く機会がないので出品致します。"
2,1,4,"こちらは、上質でシンプルなデザインが特徴のブーツです。ベーシックでどんなスタイルにも合わせやすく、カジュアルからフォーマルまで幅広いシーンで活躍します。色は使い勝手の良いブラックで、どんな季節にもマッチします。

素材は耐久性に優れたレザーを使用しているため、長持ちし、使うほどに味わい深い風合いが楽しめます。また、サイドゴアデザインなので脱ぎ履きが簡単で、忙しい朝にもさっと履いて出かけられます。ソールは滑りにくい仕様になっており、雨の日でも安心してお使いいただけます。

状態は非常に良好で、目立った傷や汚れはほとんどありません。大切に使っていただける方に、ぜひお譲りしたいと思っています。普段のコーディネートに一足あると重宝すること間違いなしのアイテムです。この機会にぜひお求めください。"
2,2,1,"一年半ほど前に西松屋で購入しました。
雪が多い日でも冷えずに散歩に行くことができました。
50～70サイズで、生後一か月から使用できました。
体が小さい場合は、手足の部分を折り曲げて着ることができます。
股にボタンが付いているためおむつ替えも楽です。

割とすぐ温かくなり出番が減ったため、一カ月も着ていません。
自宅で洗濯機で洗って保管していました。
目だった汚れはありません。"
2,2,2,"一年半ほど前に西松屋で新品を購入しました。
雪が多い寒い日でもあたたかく、散歩に行くことができました。
50～70サイズで、体が小さい場合は手足の部分を折り返して調整できます。
生後一か月から成長に合わせて使用できます。
股にボタンが付いているためおむつ替えも楽です。

割とすぐ温かくなり出番が減ったため、一カ月も着ていません。
自宅で洗濯機で洗って保管していました。
目だった汚れはありません。"
2,2,4,"こちらは、赤ちゃん用のかわいいコートです。サイズはおよそ6か月から12か月の赤ちゃんに最適です。柔らかな素材でできており、赤ちゃんの肌に優しい設計となっています。落ち着いた色合いで、どんなコーディネートにも合わせやすいデザインです。フードが付いているので、寒い日も頭をしっかりと守ってくれます。ボタンも大きくて使いやすく、お着替えの際に手間がかからないのもポイントです。

このコートは、室内外どちらでもお使いいただけます。リビングでのくつろぎタイムや、お散歩、ちょっとしたお出かけにもぴったりです。高品質な素材と丁寧な縫製で、耐久性にも優れています。譲り受けた品ですが、使用感は少なく、非常に良好な状態です。

ご検討いただければ幸いです。どうぞよろしくお願いいたします。"
12,1,1,"Final A5000　定価:32,800円

約1年前にeイヤホンで購入したものになります。

数回程度しか使用していないため、状態はかなり綺麗だと思います。

良ければ、ご購入を検討していただけると幸いです。
"
12,1,2,"Final A5000　定価:32800円

約1年前にeイヤホンで購入したものになります。

数回程度しか使用していないため、状態は非常に良好です。

ご興味をお持ちいただけましたら、ご購入を検討していただけると幸いです。
"
12,1,4,"商品をご覧いただきありがとうございます。こちらは、オーディオブランド「Final」のハイエンドイヤホン、A5000です。優れた音質と精密な設計が特徴で、クリアな高音と深みのある低音を楽しむことができます。音楽鑑賞をより豊かにするため、音楽愛好者やプロフェッショナルにもおすすめです。

未使用品で非常にきれいな状態です。パッケージや付属品も全て揃っており、品質保証書も含まれています。また、軽量かつ快適なフィット感で長時間の視聴も疲れにくい設計となっています。

詳細なスペックは以下の通りです：
- ドライバー：ダイナミック型
- 感度：102dB
- インピーダンス：16Ω

シックなデザインは、どんなシーンでもマッチします。高品質な音響体験をお探しの方、この機会に是非お試しください。ご質問があれば気軽にお問い合わせ下さい。"
12,2,1,"Shanling UA3　定価:10800円

3.5mm、4.4mm接続が可能になります。
使用年月は約1年で、商品が傷が付かないように乾燥剤入のケースに入れて保存しております。

こちらは、eイヤホンで購入したものになります。

良ければ、ご購入を検討していただけると幸いです。

AKM社製の最新鋭DACチップ AK4493SEQ｜二つのRicore社製RT6863 OP-アンプ

ボリュームコントロールボタン搭載｜高精度-低位相雑音クロック搭載

超低ノイズのヘッドホン出力｜バランス接続時 最大210mWの高出力設計

768kHz/32bit、DSD512までのファイル形式に対応｜3.5mm+4.4mm出力端子"
12,2,2,"Shanling UA3　定価:10800円

3.5mmおよび4.4mmの両方の接続が可能です。
使用期間は約1年で、商品が傷が付かないように乾燥剤入のケースに入れて丁寧に保存しております。

こちらは、eイヤホンで購入したものになります。

もしご興味がありましたら、ご購入を検討していただけると幸いです。

AKM社製の最新鋭DACチップ AK4493SEQ｜二つのRicore社製RT6863 OP-アンプ

ボリュームコントロールボタン搭載｜高精度-低位相雑音クロック搭載

超低ノイズのヘッドホン出力｜バランス接続時 最大210mWの高出力設計

768kHz/32bit、DSD512までのファイル形式に対応｜3.5mm+4.4mm出力端子"
12,2,4,"Shanling UA3は、その洗練されたデザインと優れた音質で、オーディオ愛好者の間で非常に人気の高いポータブルDAC/アンプです。高性能なDACチップとアンプ回路を搭載しており、スマートフォンやパソコンと接続するだけで、ハイレゾ音源を余すことなく楽しむことができます。コンパクトながらも堅牢な作りで、持ち運びに便利です。

外出先でも高品質な音楽を楽しみたい方に最適です。また、多様な接続オプションを提供しており、幅広いデバイスに対応しています。音楽の細部までしっかりと再現し、ダイナミックでクリアなサウンドをお届けします。

パッケージの内容には、UA3本体の他、各種ケーブルも含まれています。使用感はほとんどなく、非常に良好な状態です。

興味を持たれた方は、ぜひこの機会にShanling UA3を手に入れて、音楽の世界をさらに深めてみてください。ご質問があれば、お気軽にお問い合わせください。"
24,1,1,"beats studio(2013)の有線ヘッドホンです。
有線のためワイヤレスでの接続には対応しておりません

大きな傷などはなく、使用回数もあまり多くはないため比較的きれいな状態で保存されているかと思います。
　
またイヤーパッドは純正品ではなく自分で一度交換をしており、その後ほとんど使用していないため新品同様です。

有線ケーブルのさし方によっては片耳が聞こえづらいため、音を鳴らしながらケーブルを回していただくと再び聞こえるようになります。

付属品は純正のケースと優先ケーブルのみです。
箱やACアダプタ、microUSBケーブルは付属しません。


"
24,1,2,"beats studio(2013)の有線ヘッドホンです。
有線のためワイヤレスでの接続には対応しておりません

大きな傷などはなく、使用回数もあまり多くはないため比較的きれいな状態で保存されているかと思います。
検品、保存は素人なためその点はご了承ください。
　
またイヤーパッドは純正品ではなく自分で一度交換をしており、その後ほとんど使用していないため新品同様です。

有線ケーブルの接続により片耳の音が聞こえづらい場合がありますが、ケーブルを回して調整すれば解消します。

付属品は純正のケースと優先ケーブルのみです。
箱やACアダプタ、microUSBケーブルは付属しません。


"
24,1,4,"ご覧いただきありがとうございます。こちらは「Beats Studio by Dr.Dre」ヘッドフォンです。音楽愛好家の皆様にぜひ体験いただきたい高品質のオーディオ機器です。

このBeats Studioは、重低音から高音域までバランスの取れたクリアなサウンドが特徴です。ノイズキャンセリング機能を搭載しているため、周囲の雑音を遮断し、集中して音楽に没頭できます。長時間の使用でも耳が疲れにくい快適な装着感にも配慮されています。

状態は非常に良好で、目立った傷や汚れはありません。付属品もすべてそろっており、すぐにお使いいただける状態です。また、Beatsならではのスタイリッシュなデザインが、ファッションの一部としても魅力的です。

通勤や自宅でのリラックスタイムに最適なこのヘッドフォンを、ぜひこの機会にお求めください。ご不明点がございましたら、お気軽にお問合せください。お待ちしております。"
24,2,1,"sony wf-1000xm（2019年発売）

イヤホンの充電ケースには傷などはありません。
ただし、イヤホン自体には細かな傷があります。

こちらの商品は片耳だけでの使用が可能ですが、左右どちらかのイヤホンは不具合によりその機能が失われております。

付属品として、イヤーピースはすべてそろっております。箱などそのほかのものについては付属しておりません。

連続稼働時間〇時間"
24,2,2,"sony wf-1000xm（2019年発売）

イヤホンの充電ケースには傷などはありません。
イヤホン本体には若干の使用感や細かな傷がありますが、使用には問題ありません。

こちらの商品は片耳だけでの使用が可能ですが、左右どちらかのイヤホンは不具合によりその機能が失われております。

付属品は全てのイヤーピースが揃っていますが、箱などのその他のものは付属しておりません。

連続稼働時間〇時間"
24,2,4,こちらは、Sonyの高品質なワイヤレスイヤホンです。音楽や通話を楽しむ際に最適なアイテムです。ノイズキャンセリング機能が搭載されており、外部の雑音をしっかりとカットしてくれますので、クリアな音質を体験できます。Bluetooth接続により、煩わしいケーブルなしで快適に使用できます。また、長時間のバッテリー持ちが特徴で、一度の充電で長時間音楽を楽しむことが可能です。軽量でコンパクトなデザインは使い勝手が良く、持ち運びも簡単です。通勤や通学、スポーツ時など、様々なシーンで活躍すること間違いありません。イヤホン本体はもちろん、オリジナルケースも付属していますので、紛失しにくく、保管も安心です。使用頻度は少なく、状態も非常に良好です。お探しの方は、ぜひこの機会にお試しください。
13,1,1,"NEBULA Capsule ll

「おすすめポイント」

・小型プロジェクターで持ち運びが楽

・オートフォーカス機能だからピントを合わせる必要がない

・Bluetooth機能でケータイやパソコンからミラーリング対応

・Android TV掲載でNetflixからTVerなど3,600以上のアプリを楽しめる

・2.5時間もつバッテリーだから屋外でも楽しめる

・ホームシアター用のモデルな為、プロジェクター本体の音が気にならずに映画を鑑賞できる


「備品」
リモコン・説明書・充電コード・箱付き
※保証などのサポートは付きません

「動作確認」
初期化済み
動作確認済みで問題なく機能

「本体の状態」
目立った傷やバグなどないが、購入から2年経つため中古品として、使用感が気にならない方にご案内させて頂ければと思います。

配送の際は本体付属の箱に入れ丁重に保護させて頂きますので、ご安心して頂ければと思います。

追加気になる点などありましたら、お気軽にご連絡ください。

まだ新しい機種の商品ですので、大幅な値引きは検討しておりません。

"
13,1,2,"NEBULA Capsule ll

「おすすめポイント」

・500ml缶サイズの小型プロジェクターだからコンパクトで持ち運びも楽

・オートフォーカス機能だからピントを合わせる必要がない

・Bluetooth機能でケータイやパソコンからミラーリング対応

・600以上のアプリから選べ、大人から子供までこれ一台で楽しめる

・2.5時間持続するバッテリー搭載で、屋外で映画鑑賞も楽しめる

・スピーカー使用も可能だから、本体の機械音に邪魔されず鑑賞を楽しめる


「備品」
リモコン・説明書・充電コード・箱付き
※保証などのサポートは付きません


「本体の状態」
購入から2年経過、既存データ消去済み

目立った傷や動作不良なく良好な状態ですが、中古品であることをご理解いただける方におすすめします。

配送の際は本体付属の箱に入れ丁重に保護させて頂きますので、ご安心して頂ければと思います。

追加気になる点などありましたら、お気軽にご連絡ください。

まだ新しい機種の商品ですので、大幅な値引きは検討しておりません。

"
13,1,4,"ご覧いただきありがとうございます。今回出品するのは、ネブラの高機能プロジェクターです。このプロジェクターは、鮮明で色鮮やかな映像を楽しむことができ、ホームシアターのような体験を提供します。最新技術を搭載しており、コンパクトながらも高性能で、さまざまな用途に対応可能です。映画鑑賞やプレゼンテーション、家庭でのゲームプレイなど、多岐にわたるシーンで活躍します。

状態は非常に良好で、ほとんど使用していません。そのため、買ったばかりのような新品同様の品質を保っています。付属品も全て揃っており、すぐにお使いいただけます。シンプルでスタイリッシュなデザインなので、どんなインテリアにも馴染みます。

この機会にぜひ、ご家庭のエンターテインメント環境をグレードアップしてみませんか。ご質問がございましたらお気軽にお問い合わせください。どうぞよろしくお願いいたします。"
13,2,1,"海外版　シュルレアリズムに代表する画家ダリの画集

700ページ以上に渡るインタビューや舞台裏エピソードから作品の数々

ダリ初期の作品から未公開のスケッチまで
ダリが生涯描き続けた名画からスケッチブックに描かれたラフ画まで

持ち運べるサイズ感で日常からインスピレーションを

サイズ違いも発行されている為、サイズ感に抵抗感がある方はそちらをおすすめします

出版社はTASCHENだけあり、インテリアとして申し分無いデザインがおすすめです

「状態」
新品未使用に近い
ほぼインテリアとして使用していた為、目立った傷などありません

ペットや室内での喫煙など、セカンドブックならではの臭いもありません

気になる点がありましたら、お気軽にご連絡ください

"
13,2,2,"海外版　シュルレアリズムに代表する画家ダリの画集

700ページ以上にわたるインタビューや舞台裏のエピソード、数々の作品を収録

ダリ初期の作品から未公開のスケッチまで幅広い作品集

ダリが生涯描き続けた名画からスケッチブックに描かれたラフ画まで

コンパクトなサイズ感(A3)で持ち運びも可能

A5サイズでも出版されている為、読みずらさを感じる方はそちらをおすすめします

出版社はTASCHENだけあり、インテリアとして申し分無いデザインがおすすめです

「状態」
新品同様
ほぼインテリアとして使用していた為、目立った傷などありません

ペットや室内での喫煙など、セカンドブックならではの臭いもありません

気になる点がありましたら、お気軽にご連絡ください

"
13,2,4,"こちらは、シュルレアリスムの巨匠、サルバドール・ダリの作品集です。ダリの特異な美的感覚と卓越した技術を余すことなく収めた一冊となっています。彼の代表作である「記憶の固執（柔らかい時計）」や「蝶と天空の幻影」など、名高い作品が美麗なカラー図版で楽しめます。また、各作品に対する解説も充実しており、ダリの世界観を深く理解することができます。美術愛好家はもちろん、ダリに興味を持つすべての方におすすめです。

本書の状態は非常に良好で、ページの折れや汚れはほとんど見られません。保管も注意深く行っており、カバーの擦れなども最小限に抑えられています。自宅でじっくりと鑑賞するのに最適な一冊です。この機会に是非、ダリの魅惑的な世界を手に取ってみてください。"
3,1,1,こちらは10年程前にユニバーサルスタジオジャパンで購入した筆箱です。お腹の部分がチャックになっていて、ペンや消しゴム、修正テープなどさまざまなものを収納できます。使用感はありますが、目立った汚れはなく、定期的に洗濯もしていたので、比較的綺麗かと思います。
3,1,2,こちらは10年程前にユニバーサルスタジオジャパンで購入した筆箱です。お腹の部分がチャックになっていて、ペンや消しゴム、修正テープなどさまざまなものを収納できます。使用感はありますが、目立った汚れはなく、定期的に洗濯もしていたので、比較的綺麗かと思います。
3,1,4,"ご覧いただきありがとうございます。こちらはスヌーピーのデザインが施された筆箱です。シンプルで可愛いスヌーピーのイラストが、毎日の学習や仕事に楽しさを加えてくれることでしょう。コンパクトながらも必要な文房具をしっかり収納できる実用性も兼ね備えています。

材質は耐久性のある素材を使用しており、長期間の使用にも適しています。内側には便利な仕切りが付いており、ペンや鉛筆、消しゴムなどをすっきりと整理整頓できます。また、ファスナーがスムーズに開閉でき、出し入れがしやすい仕様になっています。

スヌーピーファンの方や、可愛い雑貨をお好みの方には特におすすめの商品です。一度使えば、その便利さとデザインの良さに満足していただけること間違いありません。ぜひこの機会にご検討くださいませ。

ご質問がございましたら、お気軽にお問い合わせください。よろしくお願いいたします。"
3,2,1,"こちらは4年前に購入したものです。
特に目立った汚れはなく、綺麗です。
メッシュ素材なので、特に夏のシーズンにおすすめです。

色味は写真より少し落ち着いているので、どの服にも合わせやすくなっています。
"
3,2,2,"こちらは4年前に購入したものです。
特に目立った汚れはなく、綺麗です。
メッシュ素材で通気性が良く、特に夏のシーズンに最適です。

色味は写真より少し落ち着いているので、どの服にも合わせやすくなっています。
"
3,2,4,"こちらの商品は、THE NORTH FACEのキャップです。シンプルながらも洗練されたデザインが特徴で、アウトドアからカジュアルな日常使いまで幅広く活躍してくれます。高品質な素材を使用しており、長時間の着用でも快適さが持続します。また、強い日差しから頭部を守るのに適しているため、これからの季節にもぴったりです。

このキャップの色は、どんなコーディネートにも合わせやすい万能カラーです。フロントにはTHE NORTH FACEのロゴが上品に刺繍されており、一目で高品質なブランドであることが分かります。サイズはフリーサイズで、どなたでもフィットしやすい仕様です。

使用回数は少なく、目立った汚れや傷も見受けられません。購入することで、新品同様の品質をお楽しみいただけます。機能とデザイン性を兼ね備えたこのTHE NORTH FACEのキャップを、ぜひお試しください。商品の到着後は丁寧に梱包してお届けいたしますので、ご安心してご購入いただけます。"
8,1,1,"1年ほど使用していますので、使用感はあります。
素材は合皮なので持ち手部分に若干ひび割れがありますが、持ち手の裏側なのでそれほど目立ちません。


1か所傷がありますが、パッと見た時には目立たない箇所にあるので気にならないと思います。

サイズはA5サイズのノートが入るくらいです。マチがあるので500mlのペットボトルや傘なども入るので、普段のお出かけに使いやすいです。

上部にジッパーがあるので、中身が見えないようにできます。ポケットは4か所あるので、物を分けやすいです。

"
8,1,2,"1年ほど使用していますので、使用感はあります。
素材は合皮なので持ち手部分に若干ひび割れがありますが、裏側なのでそれほど目立ちません。


1cm程度の傷が1カ所ありますが、目立たない箇所にあるので気にならないと思います。

A5サイズのノート、500mlのペットボトルや傘も入るマチ付きで、普段のお出かけに使いやすいです。

上部にジッパーがあるので、中身が見えないようにできます。ポケットは4か所あるので、物を分けやすいです。

"
8,1,4,"こちらの商品は、高品質な素材を使用したエレガントなデザインのバッグです。落ち着いた色合いとシンプルなシルエットが特徴で、どんなスタイルにも合わせやすいのが魅力です。内部は広々としており、日常の必需品やちょっとしたお出かけに必要なアイテムをしっかり収納することができます。ポケットも多く、整理整頓がしやすい設計になっています。ハンドル部分には、手に優しい質感のレザーが使用されており、持ち運びも快適です。

このバッグは、オフィスカジュアルから普段使いまで幅広いシーンで活躍すること間違いなしです。状態は非常に良好で、ほとんど使用感はありません。大切に使っていただける方にぜひお譲りしたいと思っています。どうぞ、この機会にご検討ください。お問い合わせや詳細な情報が必要な場合は、お気軽にメッセージをお送りください。"
8,2,1,"20年程使用しているので、使用感はありますがカケなどはありません。プリント部分は剥げている箇所が多いです。

サイズは直径15cmでケーキなどのデザートやちょっとしたおかずを出す際に便利です。

割れにくい素材の食器なので、一生ものとして長く使用できるお皿です。小さな子供でも安心して使うことができます。
"
8,2,2,"20年程使用しているので使用感はありますがカケなどはなく、まだ十分に使用可能です。

プリント部分には剥げが目立ちますが、機能には問題ありません。

サイズは直径15cmでケーキなどのデザートやちょっとしたおかずを盛りつけるのに便利です。

割れにくい素材の食器なので、一生ものとして長く使用できるお皿です。小さなお子様でも安心して使うことができます。
"
8,2,4,"ご覧いただきありがとうございます。こちらはシンプルでありながら洗練されたデザインが特徴の皿です。落ち着いた色合いと滑らかな質感が、毎日の食事を特別なひとときに演出します。素材は高品質な陶器製で、耐久性にも優れています。また、そのシンプルなデザインはどんな食卓にも調和し、料理をより一層引き立ててくれます。

サイズは直径約〇〇cm、高さ約〇〇cmで、適度な大きさがあり、主菜やサラダ、デザートなどさまざまな料理にご利用いただけます。家庭用として日常的に使うのはもちろん、来客時や特別な日の演出にも最適です。電子レンジや食洗機にも対応しており、お手入れも簡単です。

ぜひこの機会に、上質なデザインと使いやすさを兼ね備えたこの皿をお試しください。お料理の時間がより豊かで楽しいものになること間違いありません。ご購入をお待ちしております。"
18,1,1,"三浦哲哉著
「自炊者になるための26週」（帯付き）です。
新刊で購入し、一度読んだのみですので、状態は良いと思います。

話題の書籍です。
秋の読書にいかがでしょうか。
"
18,1,2,"三浦哲哉著
「自炊者になるための26週」（帯付き）です。
新刊で購入し、一度読んだのみですので、状態は非常に良好です。

現在、話題となっている一冊です。
秋の読書にいかがでしょうか。
"
18,1,4,"こちらの商品『自炊者になるための26週』は、自炊を始めたいと考えている方に最適なガイドブックです。全26週にわたるプログラム形式で、自炊のスキルを段階的に身につける手助けをします。初心者でも無理なく続けられるよう、基本的な調理方法から応用テクニックまで丁寧に解説されています。

また、おすすめのレシピや食材の選び方、保存方法といった実践的な情報も満載です。食費を節約したい方や健康的な食生活を送りたい方に特におすすめです。忙しい日常でも実践できる簡単なメニューも多数掲載されていますので、忙しい現代人にもぴったりの一冊です。

書店で購入するよりもお得な価格でご提供いたしますので、ぜひご検討ください。商品は丁寧に保管しており、状態も非常に良好です。ご購入いただいた方には、迅速に発送いたします。自炊生活をスタートするこの機会に是非ご利用ください。"
18,2,1,"navibook NB200
新品未使用品です

AI搭載のノイズキャンセリング機能により、ビジネスシーン、プライベート、どんな場所でも快適に使用することができます。

スマートフォンに接続し、音声によってアプリを利用できるなど便利に活用が可能です。"
18,2,2,"navibook NB200
新品・未使用品のため、状態は良好です。

AI搭載のノイズキャンセリング機能で、周囲の雑音をシャットアウト。ビジネスシーンやプライベートでも快適に利用できます。

スマートフォンと連携し、音声操作でアプリを利用できるため、手間いらずで便利です。"
18,2,4,ご覧いただきありがとうございます。こちらは「navibook nb200 ノイズキャンセリングイヤホン」です。高音質と快適な装着感を両立したイヤホンで、長時間の使用でも疲れにくく設計されています。特に注目ポイントは、優れたノイズキャンセリング機能です。外部の雑音を効果的に遮断し、クリアな音質で音楽や通話を楽しめます。さらに、軽量設計で持ち運びが容易。通勤・通学や旅行など、さまざまなシーンで活躍します。約1年間使用しましたが、動作に問題はなく、目立つ傷や汚れもありません。イヤホン本体と付属の充電ケーブルをお届けいたします。音楽好きの方や集中した環境で仕事や勉強をしたい方におすすめの一品です。この機会にぜひお試しください。ご不明点があればお気軽にお問い合わせください。
14,1,1,
14,1,2,
14,1,4,
14,2,1,"グッチのサンダルです。
サイズは24㎝です。
夏らしいさわやかな水色で、グッチのエレガントなロゴがアクセントになっています。
とてもきれいな状態で、傷や汚れはありません。
"
14,2,2,"グッチのサンダルです。
サイズは24㎝です。
夏らしいさわやかな水色に、グッチのエレガントなロゴが映える、スタイリッシュな一品です。
新品同様の美品で、傷や汚れはありません。
"
14,2,4,"グッチのオシャレなサンダルをお探しの方におすすめの商品です。上質な素材と洗練されたデザインが特徴のこのサンダルは、カジュアルからエレガントなスタイルまで幅広く対応できるアイテムです。アッパー部分にはグッチのロゴがあしらわれており、高級感が漂います。

履き心地も考慮されており、長時間の使用でも足に負担がかかりにくい設計です。アウトソールは滑りにくく、安全な歩行をサポートします。また、シンプルながらもモダンなデザインは、流行に左右されないタイムレスな魅力があります。

使用回数は少なく、目立った傷や汚れもないため、ほぼ新品同様の状態です。元箱や付属品も全て揃っていますので、プレゼントとしても最適です。グッチのアイテムを手に入れる絶好の機会ですので、この機会をお見逃しなく。

詳細なサイズや色味については写真をご参照ください。不明点がございましたら、お気軽にお問い合わせください。"
15,1,1,"ベルルッティのクラッチバッグです。
4～5回使用しました。
購入先は正規店にて購入。角すれが若干ありますが新品に近い状態です。"
15,1,2,"高級ブランド、ベルルッティのクラッチバッグです。
使用回数は4〜5回です。
正規店で購入したもので、角に若干のスレがありますが、全体的には新品同様の美しい状態です。"
15,1,4,こちらはベルルッティのクラッチバッグです。一流のレザー製品で知られるベルルッティが手掛けたこのクラッチバッグは、シンプルながらも洗練されたデザインが特徴です。上質なレザーを用いたボディは、使い込むほどに美しい風合いが増していきます。日常使いはもちろん、特別なシーンにも適した一品です。内側には複数の収納スペースがあり、スマートフォンや鍵、カードケースなど必需品をしっかりと整理できます。外観の状態も良好で、大きな傷や汚れは見当たりません。ハンドストラップが付いており、持ち運びにも便利です。ベルルッティのロゴが刻印されたシンプルなデザインは、エレガントさとスタイリッシュさを併せ持ち、持つ人の魅力を引き立てます。ビジネスシーンやフォーマルな場面で洗練された印象を与えるこのクラッチバッグをぜひ手に取ってください。
15,2,1,"ルイヴィトンのダミエ柄のキーケースです。
色は黒色です。
3～4年使っているのでかなり使用感はありますが、まだまだ使えると思います。
正規店で購入していますのでご安心ください。"
15,2,2,"ルイヴィトンのダミエ柄のキーケースです。
色は黒色です。
3～4年使用していますが、まだまだ良好な状態です。
正規店購入の確実に本物ですので、安心してご購入いただけます。"
15,2,4,ルイヴィトンのシグネチャーであるエレガントなデザインと高品質な素材を兼ね備えたキーケースをご紹介します。このキーケースは、シンプルでありながらも洗練されたデザインが特徴で、毎日の使用に最適です。ルイヴィトンのロゴがエンボス加工された上質なレザーは、耐久性と美しさを兼ね備えており、長く愛用いただけます。6連のキーホルダーは鍵をまとめて収納できるため、利便性も抜群です。スナップボタンで開閉するため、簡単にアクセスでき、鍵をしっかりと保護します。また、コンパクトなサイズなので、ポケットやバッグにすっぽり収まります。オフィスや日常のスタイルにシックなアクセントを加え、このキーケースは贈り物としても最適です。ルイヴィトンの優雅さと実用性を持つこのキーケースは、あなたの日常をより快適にしてくれることでしょう。状態も非常に良好で、こまめに手入れされていたため、目立った傷や汚れはございません。この機会にぜひ、お求めください。
5,1,1,"１年前に店舗で購入した商品になります。
通常使用に伴う、財布表面の細かい傷などはあります。
使用にあたって困るような破れ等はありません。

以下、商品の素材等の説明になります。

素材：牛革
重さ：220g
サイズ：幅20.5 x 高10 x マチ2 cm

必要であれば、財布内部や気になられる箇所の写真も掲載いたしますので、お気軽にお声掛けください。

"
5,1,2,"こちらの商品は１年前に店舗で購入いたしました。
通常使用に伴う、財布表面の細かい傷などはありますが、使用にあたって困るような破れ等はありません。

以下、商品の素材等の説明になります。

素材：牛革
重さ：220g
サイズ：幅20.5 x 高10 x マチ2 cm

必要であれば、財布内部や気になられる箇所の写真も掲載いたしますので、お気軽にお声掛けください。

"
5,1,4,"タケオキクチの長財布をご紹介いたします。シンプルで洗練されたデザインは、無駄を一切排除し、持つ人のセンスを引き立てます。この財布は、上質な革を使用しており、手に取るたびに質感の良さを実感できる一品です。落ち着いたカラーリングは、ビジネスシーンからカジュアルまであらゆる場面に馴染み、性別を問わずお使いいただけます。

内部には多くの収納ポケットがあり、カードや小銭、紙幣をしっかりと整理して収納できます。また、スリムな造りながらも機能性を兼ね備えており、スマートに持ち運べるのも魅力です。ブランドロゴがさりげなくあしらわれており、高級感を漂わせています。

状態も非常に良好で、大切に使用していただける方にぜひお譲りしたいと考えています。長く愛用できるアイテムをお探しの方、この機会にタケオキクチの長財布をぜひお求めください。お取引を楽しみにしております。"
5,2,1,"こちらの商品は５年前に公式サイトから購入したものになります。
使用によりレザーは劣化しておりますが、文字盤部分については保護フィルムを貼っていたため、目立った傷等はありません。正常に動作しており、時間の遅れ等もありませんでした。

現在電池が切れているため、お手数をおかけしますが購入者の方で電池交換をお願いいたします。

本体サイズ：直径34mm
ベルト素材：牛
色：本体　シルバー、針　ブルー"
5,2,2,"こちらの商品は５年前に公式サイトから購入したものになります。
使用によりレザーは劣化しておりますが、文字盤は保護フィルムを貼っていたため、目立った傷等はありません。正常に動作しており、時間の遅れもありませんでした。

現在電池が切れているため、お手数をおかけしますがご購入者様で電池交換をお願いいたします。

本体サイズ：直径34mm
ベルト素材：牛
色：本体　シルバー、針　ブルー"
5,2,4,"こちらはダニエル・ウェリントンの腕時計です。シンプルでありながら洗練されたデザインが特徴の一品で、ビジネスシーンからカジュアルな場面まで幅広く活躍します。シルバーのケースとブラックのレザーバンドが調和し、上品さを引き立てています。文字盤のシンプルなデザインは視認性が高く、日常使いにも最適です。

使用による細かなキズはありますが、全体的に良好な状態を保っています。バッテリーも最近交換済みで、すぐにお使いいただけます。ダニエル・ウェリントン特有のエレガントな装いを、ぜひこの機会に体験してみてください。ご不明な点がございましたら、お気軽にお問い合わせください。迅速丁寧に対応させていただきます。"
19,1,1,"上橋菜穂子さんの初の文庫本です。
エスニックな背景のファンタジーを多く書く作家さんですが、これは和風テイストにできています。
小夜という家族を失い、訳あって村はずれに住む少女と、妖狐であり、呪者に縛られている野火との出会いと成長、冒険物語です。
ちょっとしたときにすぐ読み終えられる長さなので、旅のお供などに最適です。"
19,1,2,"上橋菜穂子さんの初の文庫本です。
エスニックな背景のファンタジーに定評のある作家さんですが、これは和風テイストにできています。
家族を失った少女・小夜と、呪者に縛られた妖狐・野火の出会いと成長、そして冒険を描いた物語です。

短編ですぐ読み終えられる長さなので、隙間時間や旅のお供などに最適です。"
19,1,4,"上橋菜穂子著「狐笛のかなた」、文庫本です。本書は、美しい日本の里山を舞台に、狐の霊と少女の友情を描いた感動のファンタジー小説です。優れたストーリーテリングと緻密な描写が特徴で、数多くの読者を魅了してきました。上橋菜穂子さんの作品は、子供から大人まで幅広い層に愛されており、その中でも特に人気のある一冊です。

本商品は状態も良好で、ページに折り目や書き込みはなく、表紙・背表紙ともに目立った傷や汚れはございません。中古品ではありますが、丁寧に保管されていたため、新品に近い状態を保っています。

落ち着いた文学作品をお探しの方、また上橋菜穂子さんのファンの方には必見のアイテムです。この機会にぜひお手元にどうぞ。ご不明な点や気になる点がございましたら、お気軽にお問い合わせください。"
19,2,1,"２００６年に米国に滞在中にスターバックスで初めて購入しました。カップとソーサーの裏側に刻印があります。内側の青い塗装は少し光沢がある仕様になっています。
２０年近くほぼ毎日使用しているカップです。持ち手近くの外側が少しけています。使用には特に問題はありません。
ソーサーはキレイなままです。

キッチン用品の断捨離をするのでお気に入りですが、手放すことにしました。古さと最早手に入らないであろうレア度に価値を感じてくださる方にお届けしたいです。"
19,2,2,"２００６年に米国に滞在中にスターバックスで初めて購入しました。カップとソーサーの裏側に刻印があります。内側の青い塗装は少し光沢がある仕様になっています。
２０年近くほぼ毎日愛用しているカップです。持ち手近くの外側が１㎝ほど少し欠けています。使用に問題はありません。
ソーサーはキレイなままです。

キッチン用品の断捨離をするのでお気に入りですが、手放すことにしました。古さと最早手に入らないであろうレア度に価値を見出してくださる方にお届けしたいです。"
19,2,4,"スターバックスのカップ＆ソーサーを出品いたします。この商品は2004年に購入したもので、その独特なデザインと高品質な作りから、長年にわたって愛されてきました。スターバックスファンやコレクターの方には特におすすめです。

カップとソーサーは、どのような食卓にも調和し、コーヒータイムを一層贅沢なひとときにしてくれます。高級感あふれるデザインが、毎日のティータイムを特別なものに演出してくれるでしょう。カラーはシンプルながらも上品な仕上がりとなっており、他の食器とも合わせやすいため、普段使いから特別な場面まで幅広く活躍します。

購入後は大切に保管していたため、状態は非常に良好です。目立った傷や汚れもなく、清潔感があります。商品写真をご参考に、ご安心してご検討いただければと思います。

ぜひこの機会に、あなたのスターバックスコレクションに加えてみてはいかがでしょうか。ご質問や詳細な情報が必要な場合はお気軽にお問い合わせください。お待ちしております。"
9,1,1,"ポレーヌのオンラインストアで購入したバッグです。

左右に施された柔らかな曲線とプリーツによるシグニチャーフォルムが特徴。

エディション　トープ　テクスチャード

サイズ：20.5×17×9センチ
重さ:440ｇ
調節可能なショルダーストラップ、長さ:132センチ

バッグポケット
内ポケット
マグネットクロージャー

素材:カーフレザー

ハンドバッグ、ショルダーバッグ、クロスボディで使用可。

お出かけの際、大切に使っていたものなので、目立った汚れや傷はなく、美品です。

薄いベージュカラーで、幅広いファッションに合うかと思います。

購入した際の袋やギャランティカードも同封します。
正規品です。

"
9,1,2,"ポレーヌの正規オンラインストアで購入したバッグです。

左右に施された柔らかな曲線とプリーツによるシグニチャーフォルムが特徴。

エディション　トープ　テクスチャード

サイズ：20.5×17×9センチ
重さ:440ｇ
調節可能なショルダーストラップ、長さ:132センチ

バッグポケット
内ポケット
マグネットクロージャー

素材:カーフレザー

ハンドバッグ、ショルダーバッグ、クロスボディで使用可。

大切に使っていたものなので、目立った汚れや傷はほとんどなく、美品です。

薄いベージュカラーで、幅広いファッションに合うかと思います。

購入時の専用袋やギャランティカードも同封いたします。

"
9,1,4,"こちらはポレーヌのバッグです。シンプルかつエレガントなデザインが特徴で、どんなコーディネートにも合わせやすいアイテムとなっています。高級感あふれる素材感と細部にまでこだわった仕上げは、ポレーネの品質の高さを物語っています。カラーは落ち着いたブラウンで、季節を問わず活躍すること間違いありません。

収納力も抜群で、普段使いから特別な日の装いまで幅広く対応。内側には複数のポケットがあり、小物の整理整頓も簡単です。また、ショルダーストラップが付属しており、手持ちと肩掛けの両方で使用可能です。機能性とデザイン性を兼ね備えたこのバッグは、日常使いにぴったりです。

使用頻度も少なく、目立った傷や汚れもありません。大切に扱っておりましたので、状態は非常に良好です。ぜひ、この機会にポレーヌのバッグをお手元に迎え入れてください。お洒落で機能的な日常を実現する逸品です。"
9,2,1,"ラブラリーバイフェイラーの公式オンラインストアで購入したマルチケースです。

2年ほど使用しましたが、目立った傷や汚れはありません。

以下は、公式サイトからの引用です。

ラブラリー バイ フェイラーの人気者”ラブラリーニコ”の周りに、色とりどりのスイーツやレインボー、星を散りばめた「ハッピーポップニコ」柄のマルチケースです。

内側にはファスナーポケット、カードポケット、ペンホルダーなどを配して、実用性を高めています。普段使いから旅行まで幅広いシーンで活躍してくれるアイテムです。

〔背面柄〕あり
〔開口部〕ファスナー式
〔内ポケット〕ファスナーポケット×1、オープンポケット×4、カードポケット×5、ペンホルダー×1

素材：本体　綿　/　裏地　ナイロン
原産国：日本
サイズ：22センチ×16センチ×2センチ"
9,2,2,"ラブラリーバイフェイラーの公式オンラインストアで購入したマルチケースです。

2年ほど使用しましたが、目立った傷や汚れはありません。

以下は、公式サイトからの引用です。

ラブラリー バイ フェイラーの人気者”ラブラリーニコ”の周りに、色とりどりのスイーツやレインボー、星を散りばめた「ハッピーポップニコ」柄のマルチケースです。

内側にはファスナーポケット、カードポケット、ペンホルダーなどを配して、実用性を高めています。普段使いから旅行まで幅広いシーンで活躍してくれるアイテムです。

〔背面柄〕あり
〔開口部〕ファスナー式
〔内ポケット〕ファスナーポケット×1、オープンポケット×4、カードポケット×5、ペンホルダー×1

素材：本体　綿　/　裏地　ナイロン
原産国：日本
サイズ：22センチ×16センチ×2センチ"
9,2,4,"ラブラリーバイフェイラーの母子手帳ケースを出品いたします。この商品は、高品質なシュニール織で知られるフェイラーの技術を活かし、母子手帳をしっかり保護しつつ、エレガントなデザインが特徴です。美しい花柄のデザインは見る人を魅了し、毎日のご使用に彩りを添えます。使いやすいファスナー式で、中には複数のポケットがあり、診察券や保険証などの重要な書類も整理しやすい仕様となっています。

状態は新品・未使用で、自宅保管しておりましたが丁寧に扱っていたため、特に目立つ傷や汚れはありません。これから出産を控えている方や、お子様の成長記録を大切に管理したい方に最適なアイテムです。シンプルでありながらも優雅なデザインは、ファッショナブルに持ち運びできる点が魅力です。ぜひこの機会に、ラブラリーバイフェイラーの優れた母子手帳ケースを手に入れてください。ご不明点がありましたら、お気軽にお問い合わせください。"
